Date,Close,High,Low,Open,Volume,VIX,AI_Regime_Score,AI_Stock_Sentiment,News_Sentiment,News_Confidence
2023-01-03,14.300683975219727,14.981003655234762,14.081903121676092,14.836148204062967,401277000,,0.0,,0.0,0.0
2023-01-04,14.73425006866455,14.838146156406989,14.226758666083303,14.552432867835895,431324000,,0.0,0.0,0.0,0.0
2023-01-05,14.250733375549316,14.549434120901816,14.133849812431897,14.476507176700567,389168000,,0.0,0.0,0.0,0.0
2023-01-06,14.844141006469727,14.994990027309514,14.019966208080364,14.459525782981146,405044000,,0.0,0.0,0.0,0.0
2023-01-09,15.612370491027832,16.03994193956856,15.125857081198152,15.268714667138873,504231000,,0.0,0.0,-0.6,0.9
2023-01-10,15.89309024810791,15.9460367412462,15.456527005264633,15.491491850303234,384101000,,0.0,0.0,-0.6,0.9
2023-01-11,15.984997749328613,16.011971174963055,15.547436042925577,15.824159457593446,353285000,,0.0,0.2227035120344607,-0.6,0.9
2023-01-12,16.494487762451172,16.620361206682915,15.476506765719616,16.083899486490765,551409000,,0.0,0.16977418936631716,-0.6,0.9
2023-01-13,16.882102966308594,16.905080685202577,16.148837635119033,16.261723610585914,447287000,,0.0,0.3148966902645971,-0.6,0.9
2023-01-17,17.684295654296875,17.710270626929983,16.88209924852682,16.88209924852682,511102000,,0.0,0.2745813259185068,0.6,0.8
2023-01-18,17.359621047973633,17.855123353381586,17.264714843579952,17.64933001108455,439624000,,0.0,0.2654209576258446,0.6,0.8
2023-01-19,16.748233795166016,17.179802892609352,16.71426930548233,17.018962694085385,452932000,,0.0,0.18454948370287072,0.6,0.8
2023-01-20,17.821163177490234,17.838146377063,16.80817715454958,16.993990087651493,564967000,,0.0,0.09549404482956003,0.6,0.8
2023-01-23,19.17380714416504,19.22575518813864,17.80018219062393,18.045934566497856,655163000,,0.0,0.16086288148446393,0.6,0.9
2023-01-24,19.24573516845703,19.47550662588318,18.80118045535214,18.808173425147835,496204000,,0.0,0.27149510726595727,0.6,0.9
2023-01-25,19.303674697875977,19.350628576512324,18.561417754150824,18.894084898187952,449537000,,0.0,0.17659052355650529,0.6,0.9
2023-01-26,19.782197952270508,20.14583427066666,19.258721787064815,19.681299120426033,489535000,,0.0,0.22397420364533493,0.6,0.9
2023-01-27,20.344636917114258,20.60737443261839,19.385597730575345,19.44253994391752,542142000,,0.0,0.3623025799866939,0.6,0.9
2023-01-30,19.14283561706543,20.119856196776876,19.130846582408306,19.930047598821574,488611000,,0.0,0.2831996671026955,0.6,0.9
2023-01-31,19.51746368408203,19.667313303213437,18.931050789927134,19.150830104290442,498017000,,0.0,-0.0032306079712536295,0.6,0.9
2023-02-01,20.92205810546875,21.170807752513607,19.5913893538845,19.67130927886173,660477000,0.572076525881932,-0.8,0.02823779016458161,0.6,0.9
2023-02-02,21.687286376953125,21.927046101235472,20.679296702842173,20.97899588183488,564276000,0.574027466468471,-0.8,0.1676761997829197,0.6,0.9
2023-02-03,21.07889747619629,21.723252844703303,20.768207695861946,20.978997108875344,429366000,0.568422070762635,-0.8,0.19260634528874077,0.6,0.9
2023-02-06,21.06791114807129,21.54842912938245,20.76521275361375,20.78519321039508,452197000,0.567197291427532,-0.8,0.07218222296848742,0.6,0.9
2023-02-07,22.15082550048828,22.236739935433913,21.12884786869814,21.360616200100747,664150000,0.5669229978057304,-0.8,0.20112752044840176,0.6,0.9
2023-02-08,22.18279266357422,22.85511993042836,21.985989180590057,22.364609852385264,559651000,0.5700555499451415,-0.8,0.26984672383983543,0.6,0.9
2023-02-09,22.314661026000977,22.99697853291516,22.097878989240208,22.58339300958644,523876000,0.5700120482791152,-0.8,0.1205172599894393,0.6,0.9
2023-02-10,21.243730545043945,22.055917123650822,20.79018606002947,21.66830661145846,550737000,0.6121070032628643,-0.8,0.057856445305628945,0.6,0.9
2023-02-13,21.766210556030273,22.025950766178745,20.941036401408137,21.516460573823032,474919000,0.6123581243498043,-0.8,0.015639629068246563,0.6,0.9
2023-02-14,22.948028564453125,23.025949676572004,21.34463219361314,21.556420076698707,675474000,0.6178029749255111,-0.8,0.06629033159017395,0.6,0.9
2023-02-15,22.741233825683594,22.832142420903672,22.08389284711268,22.526448693208266,420575000,0.6122095778183704,-0.8,0.07197953538546642,0.6,0.9
2023-02-16,21.979997634887695,22.52744803558797,21.905071876709787,22.110865240742353,412026000,0.6103662520792524,-0.8,0.05034904040972066,0.6,0.9
2023-02-17,21.366609573364258,21.71825680895327,20.954022522936867,21.609366570739,465888000,0.5982627004169476,-0.8,-0.029994933888830566,0.6,0.9
2023-02-21,20.634342193603516,21.47250184750639,20.597378544387798,20.97899644931204,410015000,0.5635837848625607,-0.8,0.011568498109102432,0.6,0.9
2023-02-22,20.733247756958008,21.082898172560363,20.400580541197964,20.68629577363989,513184000,0.5635831150061639,-0.8,-0.10400233513436974,0.6,0.9
2023-02-23,23.640335083007812,23.864112008367524,23.001974156806483,23.41656006308935,1117995000,0.7416408305891545,-0.8,-0.1930258018700437,0.6,0.9
2023-02-24,23.262710571289062,23.450524180326013,22.924050815235166,23.201772660724565,589716000,0.7458272585105057,-0.8,0.07907233743041564,0.6,0.9
2023-02-27,23.477495193481445,23.856115851316737,23.43054322131306,23.646326795039013,452994000,0.7423488546506051,-0.8,0.11671638529800221,-0.6,0.9
2023-02-28,23.19278335571289,23.801175507716838,23.182793127166743,23.348627491238524,455963000,0.7036282855708826,-0.8,0.19758732548271318,-0.6,0.9
2023-03-01,22.675302505493164,23.232745083054898,22.48549196735542,23.168807999209974,460026000,0.7121494851828144,-0.8,0.24797894094268447,-0.6,0.9
2023-03-02,23.29068374633789,23.356617727044704,22.409565830943126,22.46551148905175,389415000,0.6759723015400936,-0.8,0.18733724415012665,-0.6,0.9
2023-03-03,23.866106033325195,23.876096260572954,23.106865911464638,23.296676418290033,412393000,0.6701865571137808,-0.8,-0.029580912067633358,-0.6,0.9
2023-03-06,23.530447006225586,24.22375134917666,23.463512664360874,23.867109901704033,437429000,0.6626658050307663,-0.8,0.05187662548498073,-0.6,0.9
2023-03-07,23.268661499023438,24.104966338425466,23.22169964405819,23.580402685270712,515154000,0.6651790095593728,-0.8,0.004510857083156239,-0.6,0.9
2023-03-08,24.160921096801758,24.179906326422394,23.4045497011768,23.467497114785473,513573000,0.6548359890379494,-0.8,0.006543254610435145,-0.6,0.9
2023-03-09,23.41653823852539,24.43369248287704,23.363580850091193,24.154922945379216,501257000,0.6671318378567987,-0.8,0.13103407030170366,-0.6,0.9
2023-03-10,22.945932388305664,23.60738338746073,22.70713050905303,23.389563980500274,474866000,0.67225591393407,-0.8,0.010807281877870167,-0.6,0.9
2023-03-13,22.946931838989258,23.278656924288573,22.278488563995207,22.733110719198105,421890000,0.6457833700112677,-0.8,-0.07711133468816866,-0.6,0.9
2023-03-14,24.043018341064453,24.198888939320003,23.440518418628685,23.476489729466003,474910000,0.6603675222485835,-0.8,-0.04959660707524538,-0.6,0.9
2023-03-15,24.207881927490234,24.265832423154546,23.340602676375205,23.741268759575973,524486000,0.6351177509357661,-0.8,0.06655791886211526,-0.6,0.9
2023-03-16,25.519790649414062,25.56675059825911,23.874157083100002,24.007047963864338,583253000,0.6579567765369638,-0.8,0.0038873377799073516,-0.6,0.9
2023-03-17,25.70363998413086,26.37708012413153,25.646686200323746,25.960426557252433,848547000,0.6407512062334014,-0.8,0.17963820180972423,-0.6,0.9
2023-03-20,25.878488540649414,26.00238610210818,25.109127601806946,25.593725398025104,432747000,0.6262097077318544,-0.8,0.24036570396508727,0.6,0.9
2023-03-21,26.17724609375,26.370086636571166,25.35992640091997,26.15826276917553,547408000,0.603644548201661,-0.8,0.2555075094334951,0.6,0.9
2023-03-22,26.44602394104004,27.566093460595848,26.215214841606247,26.403058470135374,797295000,0.6030159785020172,-0.8,0.17753409512984275,0.6,0.9
2023-03-23,27.168420791625977,27.476165594948146,26.66783736695665,27.092483687984217,564889000,0.3780520274511401,-0.3,0.18491018918992586,0.6,0.9
2023-03-24,26.75676155090332,27.144439836382894,26.33311386181286,27.00855309347375,454920000,0.37739341725639525,-0.3,0.12920404911313543,0.6,0.9
2023-03-27,26.508970260620117,26.977580691716717,26.343107731941966,26.814715931188335,361026000,0.3818120257941361,-0.3,0.08194337980322208,0.6,0.9
2023-03-28,26.388065338134766,26.490980433054425,25.828530973046302,26.4250352638106,356104000,0.3778769449386225,-0.3,0.04872631714795528,0.6,0.9
2023-03-29,26.961593627929688,27.055515439693604,26.57491583467265,26.802727159767205,393694000,0.3650913412750033,-0.3,0.016107060584581667,0.6,0.9
2023-03-30,27.360260009765625,27.47616480917353,27.079493220776026,27.206388565387414,364516000,0.3595162694780323,-0.3,0.03899033654655115,0.6,0.9
2023-03-31,27.75393295288086,27.810884824300686,27.082490132563102,27.117460914270833,433933000,0.35511956861024613,-0.3,0.014122220765866444,0.6,0.9
2023-04-03,27.941776275634766,27.97674705699484,27.31329892606636,27.486155591511658,398716000,0.3456744862752215,0.0,0.07453603083321392,0.6,0.9
2023-04-04,27.43020248413086,27.976749146372356,27.284323812201485,27.942776983152683,368592000,0.3520614668522905,-0.3,0.1080997112244022,0.6,0.9
2023-04-05,26.858675003051758,26.975576504462577,26.373078580341303,26.806718144947666,515015000,0.3481532177279635,0.0,0.0789854907998917,0.6,0.9
2023-04-06,27.01454734802246,27.057510906173512,26.405053322399837,26.561922527602437,397654000,0.3206332926776408,0.0,-0.007634461545427129,0.6,0.9
2023-04-10,27.55609893798828,27.598063878336834,26.64685475224009,26.80072620018478,395279000,0.30638125975007896,0.0,-0.025271153243410005,0.6,0.9
2023-04-11,27.146440505981445,27.766925140537275,27.103475037618352,27.700979959709233,314378000,0.3167952972340072,0.0,-0.014256286864168022,0.6,0.9
2023-04-12,26.47300148010254,27.445193150748228,26.426039620920893,27.347274949110663,446259000,0.3022765953273499,0.0,-0.05692807513793263,0.6,0.9
2023-04-13,26.44102668762207,26.86467442012051,26.30713907820163,26.71180158046341,353615000,0.302972844110353,0.0,-0.06979175633735024,0.6,0.9
2023-04-14,26.73577880859375,26.860675005002047,26.198225472529604,26.481990027168322,395660000,0.24187441315150085,0.3,-0.03109969612292729,0.6,0.9
2023-04-17,26.97957992553711,26.983576314494652,26.41105214594061,26.542942510363897,321471000,0.24246932913614896,0.3,-0.020638401660956873,0.6,0.9
2023-04-18,27.644025802612305,28.086658738816173,27.334283752804854,27.510138201217032,604812000,0.2545822840725223,0.0,-0.04184329674157139,0.6,0.9
2023-04-19,27.907804489135742,27.976747432102734,27.2093855674829,27.33827814990457,358660000,0.253833541819761,0.0,0.03665934003548044,0.6,0.9
2023-04-20,27.081491470336914,28.00672306467075,26.977577746060568,27.648020038897844,427713000,0.27771525035520045,0.0,0.10839745618656949,0.6,0.9
2023-04-21,27.096479415893555,27.160427351710336,26.69980973159089,26.929618278406625,345103000,0.26020210363019913,0.0,0.0484447741217755,0.6,0.9
2023-04-24,27.01954460144043,27.34327496276754,26.64885238383688,26.990569353375054,339282000,0.254298969348892,0.0,0.02698261456171691,-0.6,0.9
2023-04-25,26.219209671020508,27.22437484436602,26.20322411553106,27.055514550596037,378527000,0.2742670506231189,0.0,0.0029625869649283487,-0.6,0.9
2023-04-26,26.933616638183594,27.30730663861179,26.682825603237607,26.979579875522322,406337000,0.29062997563025394,0.0,-0.10308311399833481,-0.6,0.9
2023-04-27,27.20339012145996,27.472167737847915,26.60288938694917,27.34027738715415,377161000,0.282502975193971,0.0,-0.06981472522006449,-0.6,0.9
2023-04-28,27.72595977783203,27.734951176667415,27.048521337557332,27.202394701984563,292216000,0.28586583713479746,0.0,0.009002358770126673,-0.6,0.9
2023-05-01,28.88599395751953,29.033871779873245,27.75693310998625,27.8168827543935,570329000,0.3179544032962907,0.0,0.04646215120989128,0.6,0.9
2023-05-02,28.186574935913086,28.812056494254247,28.05968148797479,28.656185891505462,402730000,0.33079843361015054,0.0,0.13815550066521842,0.6,0.9
2023-05-03,27.778913497924805,28.34344486027376,27.449187603389927,27.81688204976608,383387000,0.32814749377145247,0.0,0.15007052383177388,0.6,0.9
2023-05-04,27.53911781311035,27.835870216951793,27.21738464010029,27.628042719288032,321850000,0.3202222866995777,0.0,0.06276890854255646,0.6,0.9
2023-05-05,28.65618133544922,28.731117903890393,27.70797008214086,27.802890497805507,361494000,0.348976688611513,0.0,0.02468278329659679,0.6,0.9
2023-05-08,29.126789093017578,29.195732032286276,28.326455636647413,28.498311768735906,344979000,0.34688472197771986,0.0,0.06710112580924488,0.6,0.9
2023-05-09,28.547271728515625,28.94893830563209,28.426373831725307,28.875000355164328,314869000,0.35075899088526213,-0.3,0.016672103155056295,0.6,0.9
2023-05-10,28.86101531982422,29.08882663839483,28.437367605326653,28.98091460956097,369350000,0.3361701108600094,0.0,0.025593517014582012,0.6,0.9
2023-05-11,28.554269790649414,28.925962552461296,28.22254663595356,28.87200653679025,322149000,0.33994830388634845,0.0,0.07790814583012784,0.6,0.9
2023-05-12,28.316465377807617,28.756100516190692,28.022708903166627,28.505307600656668,274222000,0.34159488668405613,0.0,0.07372436433354368,0.6,0.9
2023-05-15,28.928955078125,28.94494253797439,28.12862158025983,28.484324933585533,293926000,0.3473593980341831,0.0,-0.023709785589704824,0.6,0.9
2023-05-16,29.18874168395996,29.845197623603145,28.808059443130762,28.817050841568992,449405000,0.3392132668781346,0.0,-0.013584333945000804,0.6,0.9
2023-05-17,30.152936935424805,30.173919403634283,29.40555895083751,29.559430384373677,432535000,0.35515316696581345,-0.3,0.044940893935133897,0.6,0.9
2023-05-18,31.651695251464844,31.80157031583205,30.29482308288843,30.38474850266172,748725000,0.36667394223227706,-0.3,0.08952710785009588,0.6,0.9
2023-05-19,31.238040924072266,31.553778528813286,30.890330301104353,31.509814437648227,473908000,0.37350654107985326,-0.3,0.21695007321320015,0.6,0.9
2023-05-22,31.150114059448242,31.493828286869693,30.654525616110014,30.875340877060037,372000000,0.3734976253445477,-0.3,0.20635171143601605,0.6,0.9
2023-05-23,30.66251564025879,31.262017766354816,30.60556376728732,30.974256822059314,356253000,0.3581101004284447,-0.3,0.15355957208442694,0.6,0.9
2023-05-24,30.51263999938965,30.58158294267241,29.781247533939762,30.184911363622657,721419000,0.35345453207881455,-0.3,0.10098235629723673,0.6,0.9
2023-05-25,37.948463439941406,39.447217938255974,36.60457902009647,38.49101183651756,1543911000,0.9136894678091576,-0.8,0.023858575682705663,0.6,0.9
2023-05-26,38.913658142089844,39.137471155324974,37.51881748077454,37.858535295090505,714397000,0.9140501229523386,-0.8,0.3978787321469075,0.6,0.9
2023-05-30,40.07769775390625,41.90318054493991,39.91583350519123,40.56129706980953,923401000,0.9109839165776302,-0.8,0.49142756657973985,0.6,0.9
2023-05-31,37.802581787109375,40.26153667698876,37.79059071532984,39.45520761311079,1002580000,0.9378713210323637,-0.8,0.573197496318647,0.6,0.9
2023-06-01,39.736976623535156,40.01674290011226,38.30816374839411,38.457038285135596,635873000,0.9382905366764267,-0.8,0.46571952742689726,0.6,0.9
2023-06-02,39.294349670410156,40.46637615978603,39.025571992882654,40.06371085972058,482731000,0.9393304665587194,-0.8,0.6046239607146431,0.6,0.9
2023-06-05,39.13846969604492,39.53213967153062,38.6748543493484,38.87668625179113,396094000,0.939334626620071,-0.8,0.07093231759429708,0.6,0.9
2023-06-06,38.62189865112305,39.12747895572034,38.11631834652575,38.797754990174724,388729000,0.9455204492089083,-0.8,0.011554377804019467,0.6,0.9
2023-06-07,37.44775390625,39.470284518759414,37.328840938446405,38.88670945650624,511998000,0.9514836068662077,-0.8,-0.07264883884909845,0.6,0.9
2023-06-08,38.48200225830078,38.835744998272645,37.47773561947334,37.69657436729438,417772000,0.9523416848852082,-0.8,-0.018772679752808275,0.6,0.9
2023-06-09,38.741817474365234,39.682131514283476,38.53896592503453,39.00862167695387,427717000,0.9478801282881556,-0.8,-0.06316405886254994,0.6,0.9
2023-06-12,39.45329284667969,39.50125828347373,38.58992260823452,39.17150019392895,388701000,0.9431869164923384,-0.8,-0.028122730147179142,0.6,0.9
2023-06-13,40.9921760559082,41.07112100095235,39.711110397236205,40.15678529799824,613208000,0.9460322980361804,-0.8,0.016087657646286502,0.6,0.9
2023-06-14,42.96574783325195,42.96874400584985,40.52252155664653,40.794327015832565,740465000,0.9506851642676751,-0.8,0.12274266608155138,0.6,0.9
2023-06-15,42.62199401855469,43.25753327513272,42.116361328067455,42.571032403423146,568622000,0.9549718451912552,-0.8,0.29470359908987787,0.6,0.9
2023-06-16,42.66095733642578,43.68920841570231,42.62997783526068,43.41840556812391,655709000,0.9498527270747873,-0.8,0.21516509107115844,0.6,0.9
2023-06-20,43.776153564453125,43.95802428329941,42.64297902478398,42.966744812657,451153000,0.9438109595059285,-0.8,0.2023209089069593,0.6,0.9
2023-06-21,43.01370620727539,43.583295347445485,42.04941138244555,43.469375994641815,551603000,0.9495936926593678,-0.8,0.21913814568394097,0.6,0.9
2023-06-22,42.99372100830078,43.39442663272672,42.20329572401854,42.22227910485018,417737000,0.9440139338729356,-0.8,0.0986300482614082,0.6,0.9
2023-06-23,42.178314208984375,42.77787649157712,41.98445500064074,42.4331298944521,358140000,0.9499527691678518,-0.8,0.0013021151246985774,0.6,0.9
2023-06-26,40.60246276855469,42.732912892803704,40.070848008649996,42.43013175413964,594322000,0.462476436460156,-0.3,-0.02081928918563336,0.6,0.9
2023-06-27,41.84555435180664,41.90950699852485,40.41859495947549,40.769337698334375,462175000,0.4660451182349376,-0.3,-0.09650484641672397,0.6,0.9
2023-06-28,41.08710861206055,41.81457999808646,40.488545059577945,40.63044011815251,582639000,0.46186027209741193,-0.3,-0.08820323648600126,0.6,0.9
2023-06-29,40.79231262207031,41.56974673435803,40.570473939667465,41.527777459953334,380514000,0.4092187900851178,-0.3,-0.08958063673615624,0.6,0.9
2023-06-30,42.27124786376953,42.51906868482128,41.47083144000187,41.64970217474364,501148000,0.38942177379686993,-0.3,-0.10240604137545772,0.6,0.9
2023-07-03,42.38216018676758,42.86680815864475,42.171315066266786,42.48608466102656,198209000,0.38566241047533445,-0.3,0.004406703137763479,0.6,0.9
2023-07-05,42.28623580932617,43.14560736549417,42.05440222255246,42.104365108899316,323618000,0.3852388242562593,-0.3,0.08766450588761865,0.6,0.9
2023-07-06,42.0723991394043,42.1483441141937,41.31594937620937,41.813588515335326,303582000,0.3814403587675404,-0.3,0.021062283167029072,0.6,0.9
2023-07-07,42.47209930419922,43.18258476591584,42.14933607210184,42.29123113247118,355881000,0.35854316480413506,-0.3,0.04796105448289101,0.6,0.9
2023-07-10,42.14933395385742,42.77987571297271,41.618717966437515,42.625988347315335,353908000,0.35285092678841634,-0.3,0.08235800199374177,0.6,0.9
2023-07-11,42.37416458129883,42.72690854272056,42.03641291485393,42.450109532436265,298244000,0.3527825129674382,-0.3,-0.005768171798713473,0.6,0.9
2023-07-12,43.87007522583008,43.90305217383757,42.745893317289315,43.00170767445437,481277000,0.36633215007478853,-0.3,-0.0003773099546373615,0.6,0.9
2023-07-13,45.943580627441406,46.12144883056754,44.459659460176354,44.48564153669653,478204000,0.37733826459588826,-0.3,0.07491039985898151,0.6,0.9
2023-07-14,45.435935974121094,48.05303087640185,45.0272330091178,46.54912426948453,772075000,0.34688844257911977,0.0,0.1840247557649466,0.6,0.9
2023-07-17,46.427223205566406,46.46219760945773,45.22909733231496,46.255351170399976,510488000,0.3504490750480224,-0.3,0.1395662902694732,0.6,0.9
2023-07-18,47.45947265625,47.86118084029625,45.70075380485252,46.66704987722195,569164000,0.3556759911516036,-0.3,0.20298727644864645,0.6,0.9
2023-07-19,47.04277038574219,47.78323273939186,46.708014876201304,47.42949003823852,427502000,0.3504643354942752,-0.3,0.24001927236557208,0.6,0.9
2023-07-20,45.486907958984375,47.052770110424305,45.029240736563175,46.473189933800484,537865000,0.36706902379378153,-0.3,0.14464051605017847,0.6,0.9
2023-07-21,44.27677917480469,45.83265003376799,44.06793151342547,45.75470382328609,963769000,0.3818204885030664,-0.3,-0.019879716043911033,0.6,0.9
2023-07-24,44.579566955566406,45.076207287411634,44.00798419764258,44.69847992512501,382516000,0.37416653581521225,-0.3,-0.051023788746274557,0.6,0.9
2023-07-25,45.64579391479492,46.149425329816566,44.89034298033834,44.90833145027088,348081000,0.34878388949738415,0.0,-0.07959365744615443,0.6,0.9
2023-07-26,45.4189567565918,46.01952157703273,44.59755574079193,45.98754334626847,364237000,0.3383235510940981,0.0,-0.07643063186106569,0.6,0.9
2023-07-27,45.86663055419922,47.360542567448725,45.716738084889066,46.48518000024853,455976000,0.3281293121088286,0.0,-0.06903562931500051,0.6,0.9
2023-07-28,46.71601104736328,46.9928100852104,46.34727984222391,46.63406993246034,331194000,0.32741276308101847,0.0,0.01669590711935154,0.6,0.9
2023-07-31,46.69502639770508,47.095735831876695,46.47218895380473,46.72000974655935,251055000,0.3093434874242622,0.0,0.1101810889599042,0.6,0.9
2023-08-01,46.47318649291992,46.86590231278374,45.99353594015361,46.42621978047181,237858000,0.31124968851370094,0.0,0.09490713286861707,0.6,0.9
2023-08-02,44.23681640625,45.80667339857495,43.35545767140817,45.79768107011527,530142000,0.3632706130413197,-0.3,0.03625274125670641,0.6,0.9
2023-08-03,44.48263168334961,45.08519387093538,43.768151421029266,43.768151421029266,324176000,0.36229205688889465,-0.3,-0.05205493189449917,0.6,0.9
2023-08-04,44.647518157958984,45.6088167758493,44.36072805590183,44.95229672936695,362666000,0.36150406532728974,-0.3,-0.060348835487890495,0.6,0.9
2023-08-07,45.38398361206055,45.506895294186684,44.53060434183165,45.07820630485827,322154000,0.3624733909098105,-0.3,-0.08855605789232057,0.6,0.9
2023-08-08,44.631534576416016,45.209113535751534,44.023974832392284,44.82039636629239,353843000,0.3696408050757245,-0.3,-0.05615342304245763,0.6,0.9
2023-08-09,42.52306365966797,44.279784996235016,42.10336702177276,44.2418106099287,586449000,0.3891549317964387,-0.3,-0.07925653717695802,0.6,0.9
2023-08-10,42.3571891784668,43.542327913208446,41.80458974449363,42.12935426842484,492705000,0.34431585813631455,0.0,-0.07748083545812778,0.6,0.9
2023-08-11,40.82529830932617,41.98745483103536,40.609455735906536,41.72064683355446,533085000,0.3623709166681734,-0.3,-0.09556280392818528,0.6,0.9
2023-08-14,43.721187591552734,43.76815430441539,40.28169257903262,40.456564582325726,690286000,0.4435756478665251,-0.3,-0.17121757295042173,0.4,0.8
2023-08-15,43.90805435180664,45.23509182651046,43.67822201869262,44.52760635786077,676512000,0.4347169160280977,-0.3,-0.07327677687887824,0.4,0.8
2023-08-16,43.454383850097656,44.642518572075744,43.374440183849174,44.487632483624076,527451000,0.4350005000211637,-0.3,-0.032420136635484376,0.4,0.8
2023-08-17,43.3124885559082,44.02996504043604,42.9697356160732,43.93803287430319,452395000,0.42085614026764206,-0.3,0.043803061692989864,0.4,0.8
2023-08-18,43.267520904541016,43.546317397362685,41.62971253779868,42.60400217656772,583768000,0.4107886056574931,-0.3,0.045106835272584966,0.4,0.8
2023-08-21,46.93285369873047,47.030782025071126,44.18985040134457,44.46165201493228,692573000,0.5108942574719739,-0.8,0.11964260869378318,0.6,0.9
2023-08-22,45.63479995727539,48.15196972371808,45.30004440741636,48.100005574504046,755293000,0.5157430616298335,-0.8,0.14691577626762609,0.6,0.9
2023-08-23,47.08174514770508,47.16568370903834,45.17513142560614,45.83265396797378,779046000,0.5269147445184996,-0.8,0.0786527952996261,0.6,0.9
2023-08-24,47.12871170043945,50.229456525679716,47.12471680402284,50.17949363700367,1156044000,0.5261704024789249,-0.8,0.16695030403010858,0.6,0.9
2023-08-25,45.98454284667969,47.77024230669421,44.99126226942635,46.97781961200935,925341000,0.5301249257139846,-0.8,0.1762181427005851,0.6,0.9
2023-08-28,46.80095291137695,46.945847962697144,44.85536966380344,46.44820888033288,685192000,0.5339671576982168,-0.8,0.1255917549855976,0.6,0.9
2023-08-29,48.74853515625,49.04532012604733,46.357273276283756,46.632074880156104,701397000,0.5527899786300942,-0.8,-0.005620829630357038,0.6,0.9
2023-08-30,49.22818374633789,49.89069992908974,48.38979301948212,49.008342472169936,735206000,0.5190092766974844,-0.8,0.13646319045508148,0.6,0.9
2023-08-31,49.319122314453125,49.70783948086103,48.922411542832535,49.34410566617648,528570000,0.5192046935572109,-0.8,0.09117922846313364,0.6,0.9
2023-09-01,48.473731994628906,49.76379378137674,48.10699823052651,49.72582320725818,463830000,0.5254867318582875,-0.8,0.09295440231578622,0.6,0.9
2023-09-05,48.51270294189453,48.81548404497399,47.825203434833014,48.187938474576626,382653000,0.5237360626330847,-0.8,0.10826199387253244,0.6,0.9
2023-09-06,47.03065872192383,48.5176983121161,46.54996984821671,48.409770048373865,468670000,0.5332232079098868,-0.8,0.07315022126831394,0.6,0.9
2023-09-07,46.2111930847168,46.314127328933516,45.122894378455285,45.495655031746296,433330000,0.5056436465825674,-0.8,-0.07047909968248245,0.6,0.9
2023-09-08,45.54261779785156,46.575951562479766,45.24181316746759,45.9123819993529,473069000,0.509387373215904,-0.8,-0.1225716828054022,0.6,0.9
2023-09-11,45.14887619018555,46.133237981165,44.28343335195331,46.1182482612765,473966000,0.4895074833318547,-0.3,-0.1531456497754764,-0.3,0.7
2023-09-12,44.84107208251953,45.64355580633702,44.50228992802937,44.7091572109494,349256000,0.42520737587778484,-0.3,-0.13718175463823457,-0.3,0.7
2023-09-13,45.4556770324707,45.90038984188142,44.474307858028645,44.571245445404095,398355000,0.4273080668247189,-0.3,-0.15136781241699304,-0.3,0.7
2023-09-14,45.55161666870117,45.9573531646138,45.10190600685458,45.92037826774396,370097000,0.42479406790817614,-0.3,-0.06697680756569668,-0.3,0.7
2023-09-15,43.8716926574707,45.56959455833425,43.77974911676851,45.31176150881473,506831000,0.44721078090382405,-0.3,-0.028546175590249412,-0.3,0.7
2023-09-18,43.937660217285156,44.213483290506936,41.97292784828809,42.72044680408226,500271000,0.44714741049954965,-0.3,-0.07337852855966842,-0.4,0.8
2023-09-19,43.491943359375,43.93765497175379,42.97427575565499,43.80474129556245,373064000,0.3209645233726227,0.0,-0.05365431324572745,-0.4,0.8
2023-09-20,42.211769104003906,43.874697872716084,42.1957805773011,43.571891798323115,367108000,0.3227875248295473,0.0,-0.06017379426886915,-0.4,0.8
2023-09-21,40.99055480957031,42.0728567871405,40.953579913724376,41.55619180268766,450736000,0.30590398293389415,0.0,-0.14272839566989837,-0.4,0.8
2023-09-22,41.58317565917969,42.087851165439716,41.204418374834624,41.54519814398996,479236000,0.31403488969836146,0.0,-0.20025905522974763,-0.4,0.8
2023-09-25,42.19478225708008,42.508579017607495,41.15045392041829,41.56418850458507,419091000,0.31451926759242904,0.0,-0.10432772750113228,-0.6,0.9
2023-09-26,41.88397979736328,42.79239417282539,41.62814431891952,41.97392192797056,402282000,0.3038221703084397,0.0,-0.07933412710581367,-0.6,0.9
2023-09-27,42.440616607666016,42.84435926371942,41.60216067664093,42.302708909565496,444935000,0.25908030363376583,0.0,-0.07394305417557812,-0.6,0.9
2023-09-28,43.061222076416016,43.417990370192356,42.08785097086144,42.43262596387141,424663000,0.2636652974578262,0.0,0.0108428293113354,-0.6,0.9
2023-09-29,43.4709587097168,44.11554336483788,43.27908114153103,43.7987463785024,397830000,0.26826427422780913,0.0,0.1010314340201246,-0.6,0.9
2023-10-02,44.75312805175781,45.14587240598545,43.83272043820974,44.00161019361143,433298000,0.29287850632517526,0.0,0.09079552105445687,-0.3,0.7
2023-10-03,43.48894119262695,45.10090400420974,43.2181160083425,44.77910920077743,470850000,0.3047084090481031,0.0,0.1212636092818542,-0.3,0.7
2023-10-04,44.01260757446289,44.11454300550294,43.26408989829739,43.713800550252934,361821000,0.2952094896336042,0.0,0.0766384380390095,-0.3,0.7
2023-10-05,44.6591911315918,44.87105626291606,43.859707622537925,44.021601937102886,393483000,0.29661425385003826,0.0,0.07407955361859297,-0.3,0.7
2023-10-06,45.73250198364258,45.75948500590108,43.99762098117797,44.16451314682261,434436000,0.30570253361976624,0.0,0.07421847212510801,-0.3,0.7
2023-10-09,45.243812561035156,45.575599261777526,44.339397209393,44.81309065878453,409675000,0.30658644839883914,0.0,0.10404846550670932,-0.6,0.9
2023-10-10,45.768470764160156,46.229172057316305,45.058929471918596,45.28078645305619,368582000,0.30789453524617383,0.0,0.021928501118842814,-0.6,0.9
2023-10-11,46.77582550048828,46.82879273607268,46.02031234982247,46.16621813703432,378137000,0.3137220786898958,0.0,0.10483260842964226,-0.6,0.9
2023-10-12,46.914737701416016,47.57831113328324,46.30013628160048,46.74684673062692,481325000,0.3137547453371121,0.0,0.125564836000704,-0.6,0.9
2023-10-13,45.43169403076172,47.08562979753359,45.25081094871752,46.92972831295685,474115000,0.30562357090548675,0.0,0.10101152809409708,-0.6,0.9
2023-10-16,46.065284729003906,46.19519817588755,44.8830449142491,45.03394854361238,375099000,0.3085727250077371,0.0,-0.013155105880209739,0.6,0.9
2023-10-17,43.90967559814453,44.72515146398081,42.452615298122,43.971635905037324,812333000,0.3528190096594417,-0.3,0.0363131275402826,0.6,0.9
2023-10-18,42.168792724609375,43.19113575483381,41.79803354808787,42.563538500675094,627294000,0.3660090776425173,-0.3,-0.08122601148698161,0.6,0.9
2023-10-19,42.07386779785156,43.269096126284076,41.85500717367188,42.78340929051087,501233000,0.349731276699141,0.0,-0.196983494212446,0.6,0.9
2023-10-20,41.36031723022461,42.44261916103959,41.05151453316081,41.86299127969732,477266000,0.35211104705787283,-0.3,-0.20636883592416821,0.6,0.9
2023-10-23,42.947296142578125,43.22012278548461,40.91860593108143,41.20242325687503,478530000,0.37455086413138194,-0.3,-0.17923068410261722,-0.6,0.9
2023-10-24,43.634849548339844,43.66882802570082,42.66347986731124,43.049228794577566,401463000,0.3766856774656343,-0.3,-0.13537259586122197,-0.6,0.9
2023-10-25,41.752071380615234,43.621867655032496,41.52821673196295,43.37002736306011,398379000,0.4069435812260364,-0.3,-0.012517790034244802,-0.6,0.9
2023-10-26,40.29999923706055,42.22875513682953,39.85428765821612,41.826015100945305,541001000,0.42015787000863564,-0.3,-0.019764442710779484,-0.6,0.9
2023-10-27,40.4738883972168,41.17943449809006,39.98920048176121,41.103483284155644,416784000,0.4185101776964773,-0.3,-0.08432163020113848,-0.6,0.9
2023-10-30,41.134464263916016,41.73907378443747,40.45490233078289,41.06051446991565,388028000,0.4073092913902122,-0.3,-0.04286373472783911,0.6,0.9
2023-10-31,40.75370788574219,40.8526468966784,39.204707934267006,40.42392261933526,517969000,0.3977121854273701,-0.3,-0.08442123446578798,0.6,0.9
2023-11-01,42.29771423339844,42.353677886742396,40.842651621979584,40.85764134166272,437593000,0.4205509477065349,-0.3,-0.1320569082932601,0.6,0.9
2023-11-02,43.47795486450195,43.85570954416318,42.86634987139054,43.300068207297876,409172000,0.4298713939265216,-0.3,0.02613728300131868,0.6,0.9
2023-11-03,44.97598648071289,45.27978753454021,43.694811487819166,43.99162089726106,424610000,0.4394031823792382,-0.3,0.1577149224617802,0.6,0.9
2023-11-06,45.72150802612305,45.905391339762694,44.870056042056,45.25580880956027,400733000,0.44164486410801,-0.3,0.2224692640999466,0.6,0.9
2023-11-07,45.925376892089844,46.18820402459903,45.128889794516326,45.68952896873558,343165000,0.4400751191880946,-0.3,0.2230267900307079,0.6,0.9
2023-11-08,46.54397964477539,46.836790044608954,45.93836746742981,46.070282349544186,346719000,0.4355698153163342,-0.3,0.2538011520741641,0.6,0.9
2023-11-09,46.919734954833984,48.198908596818825,46.71986312021431,47.43639996851601,540496000,0.4363898921723007,-0.3,0.20077989973387655,0.6,0.9
2023-11-10,48.30384063720703,48.440753359097926,47.25252065392858,47.46937982263058,421245000,0.43087479715967314,-0.3,0.15832299845097397,0.6,0.9
2023-11-13,48.58864974975586,49.084332134936744,48.06798577140686,48.288843946075154,384136000,0.42921140280446585,-0.3,0.147983598221741,0.6,0.9
2023-11-14,49.62398147583008,49.80186810947218,49.00838133866222,49.647968075180216,416954000,0.39073055600981127,-0.3,0.12541763591851218,0.6,0.9
2023-11-15,48.85647964477539,49.92778706317978,48.168923511551455,49.90280546942848,475497000,0.3612285805151056,-0.3,0.1610701896875355,0.6,0.9
2023-11-16,49.44810485839844,49.49307783387502,48.29884843286255,48.647622492403215,339756000,0.3596094705962346,-0.3,0.09936838309268126,0.6,0.9
2023-11-17,49.26622009277344,49.684948701072095,48.97540732164273,49.49207232670018,325205000,0.35017740516497964,-0.3,0.10777426198158713,0.6,0.9
2023-11-20,50.376495361328125,50.51540566951471,49.14928656723216,49.28020261348705,414120000,0.33683005516818065,0.0,0.03984691249685479,0.6,0.9
2023-11-21,49.91180419921875,50.48443286697379,49.19026950939756,50.09368608126626,565747000,0.3409788176352064,0.0,0.07359108025352157,0.6,0.9
2023-11-22,48.68458938598633,50.302544998111564,47.65924993569592,49.81985852243295,899420000,0.30973377347528436,0.0,0.011600146333637262,0.6,0.9
2023-11-24,47.745201110839844,48.88946341849403,47.71421905232239,48.43875395222816,294645000,0.2853610493672386,0.0,-0.00703653885989497,0.6,0.9
2023-11-27,48.21090316772461,48.498715719855554,47.62128333679978,47.76918674468385,395662000,0.2849141199000388,0.0,-0.0688764009231535,0.6,0.9
2023-11-28,47.79016876220703,48.291847835176796,47.442393546125054,48.20490212503735,401491000,0.29012940984843605,0.0,-0.04284140017486848,0.6,0.9
2023-11-29,48.10896682739258,48.730567513457544,47.82914854414182,48.34781498680007,382005000,0.283220822381596,0.0,-0.10267989388982013,0.6,0.9
2023-11-30,46.739845275878906,48.07898145694806,46.392070077516905,47.993034557521675,526247000,0.2896976438432914,0.0,-0.07224092179197927,0.6,0.9
2023-12-01,46.73485565185547,47.16957663238465,46.157229102972245,46.49501248567539,369317000,0.27733487065275614,0.0,-0.0798915687544941,0.6,0.9
2023-12-04,45.48065948486328,46.04729530005155,44.98098181883111,46.04729530005155,437543000,0.2726689232366291,0.0,-0.042322387820249,0.6,0.9
2023-12-05,46.54007339477539,46.57405104711008,45.24579248346221,45.44068360016381,371718000,0.27883016646832176,0.0,-0.11326249887345496,0.6,0.9
2023-12-06,45.4776611328125,47.36061475805966,45.38671220041947,47.188709647488736,380590000,0.29094525860085774,0.0,-0.052316005563898704,0.6,0.9
2023-12-07,46.57005310058594,46.603035669637734,45.57860492878931,45.67455214099108,350823000,0.29985637539066,0.0,-0.1093894077592974,0.6,0.9
2023-12-08,47.47954559326172,47.71441533754204,46.52407668516983,46.5690536083124,359224000,0.30653047809355843,0.0,-0.007265414521198332,0.6,0.9
2023-12-11,46.601036071777344,47.504532035793474,45.8044827851011,47.46455720613541,509728000,0.29396057438129525,0.0,0.03186871687178039,0.6,0.9
2023-12-12,47.630470275878906,47.639464136950096,46.020367077736175,46.020367077736175,372387000,0.30487716394532033,0.0,0.04926826477909563,0.6,0.9
2023-12-13,48.06122589111328,48.5669446692335,47.58149361223289,47.60248182794816,447792000,0.29605136946441146,0.0,0.046858408316387656,0.6,0.9
2023-12-14,48.32307434082031,48.64289584092454,47.395593515547255,48.36305298147659,391232000,0.2921857023752211,0.0,0.1136190689646841,0.6,0.9
2023-12-15,48.86277770996094,49.37649145661912,48.09320598416868,48.16716609290554,479948000,0.29167064159241907,0.0,0.07528534427255451,0.6,0.9
2023-12-18,50.049110412597656,50.40491113993481,49.12262854480493,49.37248931296249,412587000,0.304161720164565,0.0,0.0582664429246571,0.6,0.9
2023-12-19,49.576377868652344,49.67232508160953,48.867773044674685,49.396477797500886,464444000,0.2951279176285036,0.0,0.14798273306668142,0.6,0.9
2023-12-20,48.08421325683594,49.971162561409855,48.07122000684809,49.6273523215611,397894000,0.3120034973010797,0.0,0.08170851900065701,0.6,0.9
2023-12-21,48.96272277832031,49.06766385409553,48.39203776733346,48.783821596134075,300425000,0.307321209610394,0.0,0.0009565867410348261,0.6,0.9
2023-12-22,48.80280685424805,49.35549646146205,48.4400062449087,49.167601439130266,252507000,0.2988014534335459,0.0,0.026473830410233656,0.6,0.9
2023-12-26,49.251556396484375,49.572376781102484,48.93273380006729,48.9407287654443,244200000,0.29859742760784264,0.0,-0.0024546642054965595,0.6,0.9
2023-12-27,49.389488220214844,49.65234228998856,49.05767232034617,49.483437657255976,233648000,0.2962903143803267,0.0,-0.031870856825960026,0.6,0.9
2023-12-28,49.49442672729492,49.85622468658464,49.38448736257904,49.615361553511725,246587000,0.29574075658494986,0.0,-0.00753946361037694,0.6,0.9
2023-12-29,49.49442672729492,49.96916454651592,48.72385609264306,49.78526507165566,389293000,0.27383628990297504,0.0,0.05865598602711897,0.6,0.9
